,Sjchi,작은푸가
2021-02-18,156.103713,75.633672
